TARGET_CLASS,configuration_id,criterion,ctg_min_time_per_job,ctg_schedule,search_budget,p_object_pool,ctg_time_per_class,Size,Length,Total_Time,Random_Seed,LineCoverage,LineCoverageBitString,BranchCoverage,BranchCoverageBitString,ExceptionCoverage,ExceptionCoverageBitString,Explicit_MethodExceptions,Explicit_TypeExceptions,Implicit_MethodExceptions,Implicit_TypeExceptions,WeakMutationScore,WeakMutationCoverageBitString,OutputCoverage,OutputCoverageBitString,MethodCoverage,MethodCoverageBitString,MethodNoExceptionCoverage,MethodNoExceptionCoverageBitString,CBranchCoverage,CBranchCoverageBitString
net.mooctest.BinaryHeap,default,LINE;BRANCH;EXCEPTION;WEAKMUTATION;OUTPUT;METHOD;METHODNOEXCEPTION;CBRANCH,1,BUDGET,125,0.3,5,23,82,157725,1541760219121,0.9375,111111111111111111111111111111111111111011110101,0.9069767441860465,1111111111110011111111011101111111111111111,1.0,111,0,0,2,2,0.9705882352941176,1111111111111111111111111111111111111111111111111111111111111111111111111111011101111101111111111111111111111111111111111111111111101101111111111111111111111111111111111111111101101111111111111111111111111111111110111111111011111111111111111111111111111111111111111111111111111111111111101111111111111111111111111111111111111111111111111111,1.0,111111111111,1.0,1111111111,1.0,1111111111,0.9069767441860465,1111111111101011111111010111111111111111111
