TARGET_CLASS,configuration_id,criterion,ctg_min_time_per_job,ctg_schedule,search_budget,p_object_pool,ctg_time_per_class,Size,Length,Total_Time,Random_Seed,LineCoverage,LineCoverageBitString,BranchCoverage,BranchCoverageBitString,ExceptionCoverage,ExceptionCoverageBitString,Explicit_MethodExceptions,Explicit_TypeExceptions,Implicit_MethodExceptions,Implicit_TypeExceptions,WeakMutationScore,WeakMutationCoverageBitString,OutputCoverage,OutputCoverageBitString,MethodCoverage,MethodCoverageBitString,MethodNoExceptionCoverage,MethodNoExceptionCoverageBitString,CBranchCoverage,CBranchCoverageBitString
net.mooctest.ExpressionParser,default,LINE;BRANCH;EXCEPTION;WEAKMUTATION;OUTPUT;METHOD;METHODNOEXCEPTION;CBRANCH,1,BUDGET,659,0.3,5,45,101,770753,1571408008019,0.9338842975206612,1111111111111111111111100011111111111111111011111111111100111110011111111111111111111111111111111111111111111111111111111,0.9629629629629629,111111111111111111111111111011111111111111111111111101,1.0,1111111111111111111111111,0,0,16,6,0.9194244604316547,11111111111111111111110111111111111111111111111111111111111011111001111011101111110011110111101111011111111110000000000000000000111111111111111111111111111111111111111111111111111111111111111011111111110111111111110111111111111111111111111111111111111111111110111111111111111111111111111111111111111111111111111111111111110111111111111111111111111111111111111111111111111111111111111111111111110111111111111111111111111111111111111111111111111111111111111111111111111111111111111111111111111111001000000001111110111111111111111101111111101111111111101111111111111111111111111111111101111111111111111111111111111111111111111111111111111111111111111111111111111111111111111111111111110111111110000,0.5714285714285714,110010010110110110110,1.0,111111111,1.0,111111111,0.9444444444444444,111111111111111111111110110111111111111111111111111101
