{
    "lambda": 0.7050851182889523,
    "r": 0.9534024348847432,
    "epoch": 117,
    "n": 1,
    "val": 390.00000000690886
}
