TARGET_CLASS,configuration_id,criterion,ctg_min_time_per_job,ctg_schedule,search_budget,p_object_pool,ctg_time_per_class,Size,Length,Total_Time,Random_Seed,LineCoverage,LineCoverageBitString,BranchCoverage,BranchCoverageBitString,ExceptionCoverage,ExceptionCoverageBitString,Explicit_MethodExceptions,Explicit_TypeExceptions,Implicit_MethodExceptions,Implicit_TypeExceptions,WeakMutationScore,WeakMutationCoverageBitString,OutputCoverage,OutputCoverageBitString,MethodCoverage,MethodCoverageBitString,MethodNoExceptionCoverage,MethodNoExceptionCoverageBitString,CBranchCoverage,CBranchCoverageBitString
net.mooctest.TrollScriptEngine,default,LINE;BRANCH;EXCEPTION;WEAKMUTATION;OUTPUT;METHOD;METHODNOEXCEPTION;CBRANCH,1,BUDGET,30,0.3,3,26,301,52889,1572603519941,0.527027027027027,11111111111111111111101111110000000000000000000000000000000000111111111111,0.5,1111111111111110111000000000000000000000000000000000000011111111111111111111,1.0,11111111,0,0,6,3,0.93048128342246,1111111111111111111111111111111111111111111111111111111111111111111111111111111111111111111111110111110111101111111111111111111111111111111111111111011101110111011101110111011101110111011,1.0,11,1.0,111111,1.0,111111,0.5,1111111111111110111000000000000000000000000000000000000011111111111111111111
