TARGET_CLASS,configuration_id,criterion,ctg_min_time_per_job,ctg_schedule,search_budget,p_object_pool,ctg_time_per_class,Size,Length,Total_Time,Random_Seed,LineCoverage,LineCoverageBitString,BranchCoverage,BranchCoverageBitString,ExceptionCoverage,ExceptionCoverageBitString,Explicit_MethodExceptions,Explicit_TypeExceptions,Implicit_MethodExceptions,Implicit_TypeExceptions,WeakMutationScore,WeakMutationCoverageBitString,OutputCoverage,OutputCoverageBitString,MethodCoverage,MethodCoverageBitString,MethodNoExceptionCoverage,MethodNoExceptionCoverageBitString,CBranchCoverage,CBranchCoverageBitString
net.mooctest.GeneralizedSuffixTree,default,LINE;BRANCH;EXCEPTION;WEAKMUTATION;OUTPUT;METHOD;METHODNOEXCEPTION;CBRANCH,1,BUDGET,275,0.3,10,19,57,342472,1603605997374,1.0,1111111111111111111111111111111111111111111111111111111111111111111111111111111111111111111111111111111111111111111111111111111111111111111,0.918918918918919,11111111111111111111111111111111011101101111111111011111111111111101101111,0.9,1011111111,1,1,7,2,0.9276729559748428,111111111111111111011111111111111111111111111101111111111111111111111111111111111111111111111111111111011101101111111110111111111111110111111111110011111111111110111111111111111111001111111111111111111111111111100011111101110111111110101111110101101111111111111111111111111111111111111111111111111111111101111111111111,0.5454545454545454,01110101010,0.8,1111111001,0.8,1111111001,0.8783783783783784,00111101111111111111111111111111101111001111111111111011111111111111001111
