TARGET_CLASS,configuration_id,criterion,ctg_min_time_per_job,ctg_schedule,search_budget,p_object_pool,ctg_time_per_class,Size,Length,Total_Time,Random_Seed,LineCoverage,LineCoverageBitString,BranchCoverage,BranchCoverageBitString,ExceptionCoverage,ExceptionCoverageBitString,Explicit_MethodExceptions,Explicit_TypeExceptions,Implicit_MethodExceptions,Implicit_TypeExceptions,WeakMutationScore,WeakMutationCoverageBitString,OutputCoverage,OutputCoverageBitString,MethodCoverage,MethodCoverageBitString,MethodNoExceptionCoverage,MethodNoExceptionCoverageBitString,CBranchCoverage,CBranchCoverageBitString
net.mooctest.EdgeBag,default,LINE;BRANCH;EXCEPTION;WEAKMUTATION;OUTPUT;METHOD;METHODNOEXCEPTION;CBRANCH,1,BUDGET,275,0.3,10,27,94,300355,1603605997344,0.8032786885245902,1111111111111111111111111111111111011111111101111100000000001,0.7906976744186046,1111111111111111011111110111111000000111011,1.0,1111111111111,10,2,3,2,0.5565610859728507,11111110111111111111111111111111111111111111111111111111111111111111111111111111111111100100011111101111111111111111100000000000000000000000000000000000000000000000000000000000000000000000000000000000000000101011111111111,0.3548387096774194,0000000000111111000000110001110,1.0,11111111111111,0.5,10000111010011,0.7906976744186046,1111111111111111011111101111111000000111011
