{
    "r": 0.9295558997353595,
    "lambda": 0.47548385463535714,
    "epoch": 122,
    "n": 2,
    "val": -459.9999999999166
}
