{
    "lambda": 0.7106047788961356,
    "r": 0.5851014575394479,
    "epoch": 163,
    "n": 1
}
