TARGET_CLASS,configuration_id,criterion,ctg_min_time_per_job,ctg_schedule,search_budget,p_object_pool,ctg_time_per_class,Size,Length,Total_Time,Random_Seed,LineCoverage,LineCoverageBitString,BranchCoverage,BranchCoverageBitString,ExceptionCoverage,ExceptionCoverageBitString,Explicit_MethodExceptions,Explicit_TypeExceptions,Implicit_MethodExceptions,Implicit_TypeExceptions,WeakMutationScore,WeakMutationCoverageBitString,OutputCoverage,OutputCoverageBitString,MethodCoverage,MethodCoverageBitString,MethodNoExceptionCoverage,MethodNoExceptionCoverageBitString,CBranchCoverage,CBranchCoverageBitString
net.mooctest.Jipa,default,LINE;BRANCH;EXCEPTION;WEAKMUTATION;OUTPUT;METHOD;METHODNOEXCEPTION;CBRANCH,1,BUDGET,30,0.3,3,59,75,45503,1572499388466,0.7151898734177216,11111111111111111111111111111111111111111111111111111111111111101000000000010100010000000000000001010101110101000101010100001111111111111111111111111111111111,0.7384615384615385,1111111111010101011111110101010101010111111111111111011111111101110000000000000000000011111111111111111111011111111111111111111111,1.0,11111111111111,0,0,14,4,0.9343832020997376,111111111111111111111111111111111111111111111111110111111111111111111111100000000000001111011101111111111111111110111111111110111111111111111111111111111111111111101111111111111011111111111111111111011111111111111111111111111111111111111111111111111111111111111111111111111101111111111101111111111111111111111111111111111111111111111111111111011111111111111111111111111111111011111,0.64,1101100101111111001110010,1.0,1111111111111,1.0,1111111111111,0.7384615384615385,1111111111011001111111101110101101111110111011101111100111011111110000000000000000000011111111111111111111011111111111111111111111
