complexity, n = 1, n = 3, n = 9, n = 27, n = 81, n = 243, n = 729, n = 2187
O(n), 0.000012, 0.000011, 0.000013, 0.000028, 0.000080, 0.000243, 0.000759, 0.002461
O(nlogn), 0.000010, 0.000019, 0.000036, 0.000114, 0.000433, 0.001336, 0.004463, 0.015450
O(n2), 0.000014, 0.000012, 0.000020, 0.000087, 0.000508, 0.004358, 0.039781, 0.363875
O(n3), 0.000014, 0.000017, 0.000073, 0.001136, 0.023536, 0.680245, 18.262647, 484.880855
O(nf), 0.000013, 0.000005, 0.000069, 0.413716