{
  "r": 0.9189833311192526,
  "lambda": 0.8630473381922132,
  "epoch": 13,
  "n": 1
}
