TARGET_CLASS,configuration_id,criterion,ctg_min_time_per_job,ctg_schedule,search_budget,p_object_pool,ctg_time_per_class,Size,Length,Total_Time,Random_Seed,LineCoverage,LineCoverageBitString,BranchCoverage,BranchCoverageBitString,ExceptionCoverage,ExceptionCoverageBitString,Explicit_MethodExceptions,Explicit_TypeExceptions,Implicit_MethodExceptions,Implicit_TypeExceptions,WeakMutationScore,WeakMutationCoverageBitString,OutputCoverage,OutputCoverageBitString,MethodCoverage,MethodCoverageBitString,MethodNoExceptionCoverage,MethodNoExceptionCoverageBitString,CBranchCoverage,CBranchCoverageBitString
net.mooctest.AlphaBetaPruning,default,LINE;BRANCH;EXCEPTION;WEAKMUTATION;OUTPUT;METHOD;METHODNOEXCEPTION;CBRANCH,1,BUDGET,155,0.3,10,23,452,211064,1604798350942,0.8615384615384616,11111111111111111111111111111111100000000111111101111111111111111,0.9487179487179487,111111111111011111101111111111111111111,1.0,1111111,0,0,7,3,0.9762845849802372,1111111111111111111111111111111111111111111011111111111110111111111111111111111111111111111111111111111111111111111111111111111111111111110111111111111011111111111111111111111111111111110111111111111111101111111111111111111111111111111111111111111111111,0.8333333333333334,101111,1.0,1111,1.0,1111,0.9487179487179487,111111111111011111101111111111111111111
