{
  "lambda": 0.40735826527766555,
  "r": 0.7960963208762407,
  "epoch": 111,
  "n": 1
}
