TARGET_CLASS,configuration_id,criterion,ctg_min_time_per_job,ctg_schedule,search_budget,p_object_pool,ctg_time_per_class,Size,Length,Total_Time,Random_Seed,LineCoverage,LineCoverageBitString,BranchCoverage,BranchCoverageBitString,ExceptionCoverage,ExceptionCoverageBitString,Explicit_MethodExceptions,Explicit_TypeExceptions,Implicit_MethodExceptions,Implicit_TypeExceptions,WeakMutationScore,WeakMutationCoverageBitString,OutputCoverage,OutputCoverageBitString,MethodCoverage,MethodCoverageBitString,MethodNoExceptionCoverage,MethodNoExceptionCoverageBitString,CBranchCoverage,CBranchCoverageBitString
net.mooctest.TernaryTree,default,LINE;BRANCH;EXCEPTION;WEAKMUTATION;OUTPUT;METHOD;METHODNOEXCEPTION;CBRANCH,1,BUDGET,208,0.3,3,49,523,305202,1572654386796,0.572463768115942,111111111111111111111111111111111111111111111111111111111111111111111100000000000000001111000000000000000000000000000111110000000000000000,0.5963302752293578,1111111111111110100111111111101111111111111111111111111110000000000111111111100000000000000000000110000000000,1.0,11111111111,2,2,7,2,0.6294642857142857,11111111111111111111111111111111111111111110111111111111111111111111111111111111111111111111111111111111111111100000000000000000000000000001111111111111111111111111111110000000000000000000000000010000000000000000000000000000,0.6060606060606061,010001001010101101001011111111111,0.6666666666666666,111111111111111111000000000,0.6296296296296297,111110111111111111000000000,0.5504587155963303,1111011011110111011111111111101111111111111111111111111000000000000111111111100000000000000000000000000000000
